,index,train,test,forecast
0,2011-11-23,90.39,,
1,2011-11-24,213.41,,
2,2011-11-25,303.99,,
3,2011-11-26,420.98,,
4,2011-11-27,444.88,,
5,2011-11-28,500.69,,
6,2011-11-29,584.32,,
7,2011-11-30,669.83,,
8,2011-12-01,848.95,,
9,2011-12-02,1014.59,,
10,2011-12-03,1185.83,,
11,2011-12-04,1337.94,,
12,2011-12-05,1336.82,,
13,2011-12-06,1540.89,,
14,2011-12-07,1655.18,,
15,2011-12-08,1924.7,,
16,2011-12-09,2163.81,,
17,2011-12-10,2539.39,,
18,2011-12-11,2763.58,,
19,2011-12-12,2581.62,,
20,2011-12-13,2678.47,,
21,2011-12-14,2875.12,,
22,2011-12-15,3101.38,,
23,2011-12-16,3504.53,,
24,2011-12-17,3783.35,,
25,2011-12-18,4125.04,,
26,2011-12-19,4270.09,,
27,2011-12-20,4181.3,,
28,2011-12-21,4239.85,,
29,2011-12-22,4345.06,,
30,2011-12-23,4632.39,,
31,2011-12-24,4938.69,,
32,2011-12-25,4894.88,,
33,2011-12-26,4182.79,,
34,2011-12-27,4345.09,,
35,2011-12-28,4562.98,,
36,2011-12-29,4882.26,,
37,2011-12-30,5098.13,,
38,2011-12-31,5111.2,,
39,2012-01-01,5123.63,,
40,2012-01-02,5242.2,,
41,2012-01-03,5327.01,,
42,2012-01-04,5351.28,,
43,2012-01-05,5409.04,,
44,2012-01-06,5380.4,,
45,2012-01-07,5412.56,,
46,2012-01-08,5666.33,,
47,2012-01-09,5290.85,,
48,2012-01-10,5137.77,,
49,2012-01-11,5139.94,,
50,2012-01-12,5232.66,,
51,2012-01-13,5459.92,,
52,2012-01-14,5924.88,,
53,2012-01-15,6162.34,,
54,2012-01-16,5832.37,,
55,2012-01-17,5956.91,,
56,2012-01-18,5806.3,,
57,2012-01-19,5695.49,,
58,2012-01-20,6135.85,,
59,2012-01-21,6278.65,,
60,2012-01-22,6764.35,,
61,2012-01-23,6420.59,,
62,2012-01-24,6642.08,,
63,2012-01-25,6615.69,,
64,2012-01-26,6594.3,,
65,2012-01-27,6809.7,,
66,2012-01-28,7405.85,,
67,2012-01-29,7826.68,,
68,2012-01-30,7627.27,,
69,2012-01-31,8070.39,,
70,2012-02-01,8150.83,,
71,2012-02-02,8736.23,,
72,2012-02-03,9104.84,,
73,2012-02-04,9607.72,,
74,2012-02-05,10106.11,,
75,2012-02-06,9200.58,,
76,2012-02-07,9259.81,,
77,2012-02-08,10242.81,,
78,2012-02-09,9808.07,,
79,2012-02-10,10166.62,,
80,2012-02-11,10411.57,,
81,2012-02-12,11115.04,,
82,2012-02-13,10128.26,,
83,2012-02-14,9734.7,,
84,2012-02-15,9464.26,,
85,2012-02-16,9230.91,,
86,2012-02-17,9157.1,,
87,2012-02-18,9560.53,,
88,2012-02-19,10151.22,,
89,2012-02-20,10032.93,,
90,2012-02-21,9669.36,,
91,2012-02-22,10049.21,,
92,2012-02-23,9193.1,,
93,2012-02-24,9249.62,,
94,2012-02-25,9503.89,,
95,2012-02-26,10017.6,,
96,2012-02-27,9988.87,,
97,2012-02-28,9578.67,,
98,2012-02-29,9708.55,,
99,2012-03-01,9558.6,,
100,2012-03-02,10224.23,,
101,2012-03-03,10559.85,,
102,2012-03-04,11645.93,,
103,2012-03-05,11101.29,,
104,2012-03-06,11569.92,,
105,2012-03-07,11456.44,,
106,2012-03-08,10936.8,,
107,2012-03-09,11160.12,,
108,2012-03-10,11030.66,,
109,2012-03-11,11145.29,,
110,2012-03-12,10361.43,,
111,2012-03-13,10579.0,,
112,2012-03-14,10772.66,,
113,2012-03-15,11024.78,,
114,2012-03-16,11682.84,,
115,2012-03-17,12305.51,,
116,2012-03-18,12641.66,,
117,2012-03-19,11840.92,,
118,2012-03-20,11728.89,,
119,2012-03-21,11657.08,,
120,2012-03-22,11674.31,,
121,2012-03-23,11956.16,,
122,2012-03-24,12160.82,,
123,2012-03-25,12719.75,,
124,2012-03-26,12011.9,,
125,2012-03-27,11643.88,,
126,2012-03-28,11703.84,,
127,2012-03-29,11490.51,,
128,2012-03-30,11492.28,,
129,2012-03-31,12862.42,,
130,2012-04-01,13271.96,,
131,2012-04-02,12586.53,,
132,2012-04-03,13122.63,,
133,2012-04-04,13499.77,,
134,2012-04-05,14275.26,,
135,2012-04-06,14166.79,,
136,2012-04-07,13829.76,,
137,2012-04-08,14225.89,,
138,2012-04-09,14258.77,,
139,2012-04-10,13588.55,,
140,2012-04-11,14119.76,,
141,2012-04-12,14596.47,,
142,2012-04-13,14815.51,,
143,2012-04-14,15362.41,,
144,2012-04-15,16667.27,,
145,2012-04-16,16168.63,,
146,2012-04-17,16977.29,,
147,2012-04-18,17798.19,,
148,2012-04-19,18145.62,,
149,2012-04-20,17916.42,,
150,2012-04-21,18058.7,,
151,2012-04-22,18821.71,,
152,2012-04-23,18552.97,,
153,2012-04-24,18690.74,,
154,2012-04-25,20039.32,,
155,2012-04-26,19379.38,,
156,2012-04-27,19492.96,,
157,2012-04-28,21802.29,,
158,2012-04-29,23521.64,,
159,2012-04-30,19711.57,,
160,2012-05-01,20052.46,,
161,2012-05-02,20800.04,,
162,2012-05-03,22983.44,,
163,2012-05-04,23376.23,,
164,2012-05-05,24115.75,,
165,2012-05-06,25069.82,,
166,2012-05-07,24799.33,,
167,2012-05-08,22697.14,,
168,2012-05-09,23930.94,,
169,2012-05-10,23786.59,,
170,2012-05-11,23265.23,,
171,2012-05-12,24573.94,,
172,2012-05-13,25499.5,,
173,2012-05-14,25471.41,,
174,2012-05-15,26962.94,,
175,2012-05-16,23553.56,,
176,2012-05-17,26404.84,,
177,2012-05-18,27501.35,,
178,2012-05-19,27948.34,,
179,2012-05-20,30409.43,,
180,2012-05-21,28194.5,,
181,2012-05-22,27028.49,,
182,2012-05-23,26913.89,,
183,2012-05-24,27115.15,,
184,2012-05-25,27570.67,,
185,2012-05-26,28215.43,,
186,2012-05-27,29319.49,,
187,2012-05-28,28499.86,,
188,2012-05-29,28586.09,,
189,2012-05-30,28805.46,,
190,2012-05-31,29598.67,,
191,2012-06-01,30278.77,,
192,2012-06-02,31599.76,,
193,2012-06-03,34793.98,,
194,2012-06-04,33059.64,,
195,2012-06-05,34515.66,,
196,2012-06-06,31933.46,,
197,2012-06-07,33597.37,,
198,2012-06-08,34180.63,,
199,2012-06-09,33429.13,,
200,2012-06-10,35620.78,,
201,2012-06-11,37268.22,,
202,2012-06-12,36505.28,,
203,2012-06-13,27945.09,,
204,2012-06-14,31563.78,,
205,2012-06-15,28245.46,,
206,2012-06-16,28835.05,,
207,2012-06-17,36371.08,,
208,2012-06-18,34255.85,,
209,2012-06-19,33553.42,,
210,2012-06-20,33291.0,,
211,2012-06-21,34897.88,,
212,2012-06-22,35143.52,,
213,2012-06-23,35936.24,,
214,2012-06-24,37537.69,,
215,2012-06-25,34570.67,,
216,2012-06-26,34439.92,,
217,2012-06-27,34593.25,,
218,2012-06-28,34114.68,,
219,2012-06-29,34444.35,,
220,2012-06-30,34421.9,,
221,2012-07-01,36555.65,,
222,2012-07-02,36552.42,,
223,2012-07-03,35671.76,,
224,2012-07-04,34921.62,,
225,2012-07-05,35166.29,,
226,2012-07-06,36397.91,,
227,2012-07-07,37877.55,,
228,2012-07-08,40721.07,,
229,2012-07-09,38590.28,,
230,2012-07-10,38256.1,,
231,2012-07-11,38083.2,,
232,2012-07-12,38564.39,,
233,2012-07-13,38797.33,,
234,2012-07-14,40751.08,,
235,2012-07-15,40955.01,,
236,2012-07-16,40635.19,,
237,2012-07-17,38616.22,,
238,2012-07-18,39177.45,,
239,2012-07-19,38509.47,,
240,2012-07-20,39070.86,,
241,2012-07-21,38614.85,,
242,2012-07-22,39109.28,,
243,2012-07-23,37942.49,,
244,2012-07-24,37556.17,,
245,2012-07-25,37967.35,,
246,2012-07-26,37555.19,,
247,2012-07-27,39049.37,,
248,2012-07-28,38425.0,,
249,2012-07-29,40675.1,,
250,2012-07-30,38372.45,,
251,2012-07-31,39006.68,,
252,2012-08-01,38332.49,,
253,2012-08-02,37860.22,,
254,2012-08-03,38068.5,,
255,2012-08-04,38825.18,,
256,2012-08-05,41253.62,,
257,2012-08-06,39361.11,,
258,2012-08-07,39103.33,,
259,2012-08-08,38104.88,,
260,2012-08-09,37950.27,,
261,2012-08-10,37923.45,,
262,2012-08-11,38220.65,,
263,2012-08-12,39990.86,,
264,2012-08-13,38487.48,,
265,2012-08-14,37554.77,,
266,2012-08-15,38538.04,,
267,2012-08-16,37880.94,,
268,2012-08-17,37000.17,,
269,2012-08-18,38142.67,,
270,2012-08-19,40026.18,,
271,2012-08-20,38744.42,,
272,2012-08-21,37815.45,,
273,2012-08-22,37369.14,,
274,2012-08-23,37263.35,,
275,2012-08-24,37624.71,,
276,2012-08-25,38687.29,,
277,2012-08-26,38567.19,,
278,2012-08-27,39589.04,,
279,2012-08-28,38325.06,,
280,2012-08-29,39500.46,,
281,2012-08-30,39693.94,,
282,2012-08-31,38564.85,,
283,2012-09-01,39517.01,,
284,2012-09-02,42865.21,,
285,2012-09-03,39822.24,,
286,2012-09-04,39716.14,,
287,2012-09-05,38868.2,,
288,2012-09-06,38445.31,,
289,2012-09-07,38285.18,,
290,2012-09-08,39235.18,,
291,2012-09-09,40934.08,,
292,2012-09-10,40549.21,,
293,2012-09-11,39250.81,,
294,2012-09-12,39515.05,,
295,2012-09-13,39392.79,,
296,2012-09-14,39810.7,,
297,2012-09-15,40334.17,,
298,2012-09-16,43304.53,,
299,2012-09-17,41370.94,,
300,2012-09-18,41147.92,,
301,2012-09-19,41546.17,,
302,2012-09-20,42103.43,,
303,2012-09-21,43045.7,,
304,2012-09-22,43956.62,,
305,2012-09-23,51240.26,,
306,2012-09-24,47379.17,,
307,2012-09-25,45504.74,,
308,2012-09-26,46323.07,,
309,2012-09-27,46087.9,,
310,2012-09-28,46318.78,,
311,2012-09-29,46971.27,,
312,2012-09-30,50799.67,,
313,2012-10-01,48239.18,,
314,2012-10-02,47621.14,,
315,2012-10-03,47774.23,,
316,2012-10-04,47670.63,,
317,2012-10-05,48931.82,,
318,2012-10-06,49002.28,,
319,2012-10-07,52299.89,,
320,2012-10-08,52221.24,,
321,2012-10-09,49964.16,,
322,2012-10-10,50051.31,,
323,2012-10-11,52309.84,,
324,2012-10-12,50578.32,,
325,2012-10-13,53122.37,,
326,2012-10-14,56533.09,,
327,2012-10-15,53856.79,,
328,2012-10-16,52309.11,,
329,2012-10-17,52014.93,,
330,2012-10-18,51401.06,,
331,2012-10-19,54613.72,,
332,2012-10-20,54573.24,,
333,2012-10-21,58921.39,,
334,2012-10-22,55361.0,,
335,2012-10-23,54847.65,,
336,2012-10-24,53363.05,,
337,2012-10-25,55168.22,,
338,2012-10-26,58860.15,,
339,2012-10-27,62372.85,,
340,2012-10-28,66596.58,,
341,2012-10-29,60751.02,,
342,2012-10-30,59652.3,,
343,2012-10-31,59751.24,,
344,2012-11-01,59514.92,,
345,2012-11-02,60879.83,,
346,2012-11-03,62900.12,,
347,2012-11-04,69664.18,,
348,2012-11-05,62875.68,,
349,2012-11-06,63705.31,,
350,2012-11-07,62124.4,,
351,2012-11-08,60465.46,,
352,2012-11-09,60431.92,,
353,2012-11-10,63139.65,,
354,2012-11-11,66473.92,,
355,2012-11-12,63047.06,,
356,2012-11-13,59186.07,,
357,2012-11-14,59098.21,,
358,2012-11-15,60495.34,,
359,2012-11-16,62364.77,,
360,2012-11-17,63549.36,,
361,2012-11-18,66829.58,,
362,2012-11-19,63099.55,,
363,2012-11-20,61431.71,,
364,2012-11-21,62643.92,,
365,2012-11-22,60824.75,,
366,2012-11-23,60900.31,,
367,2012-11-24,66872.78,,
368,2012-11-25,67399.69,,
369,2012-11-26,63640.53,,
370,2012-11-27,64598.43,,
371,2012-11-28,66176.58,,
372,2012-11-29,66709.29,,
373,2012-11-30,68022.17,,
374,2012-12-01,72563.29,,
375,2012-12-02,75819.44,,
376,2012-12-03,68497.73,,
377,2012-12-04,67807.82,,
378,2012-12-05,70407.52,,
379,2012-12-06,71895.79,,
380,2012-12-07,70912.92,,
381,2012-12-08,70699.25,,
382,2012-12-09,74193.6,,
383,2012-12-10,69244.11,,
384,2012-12-11,65087.0,,
385,2012-12-12,73306.04,,
386,2012-12-13,73645.92,,
387,2012-12-14,72310.53,,
388,2012-12-15,68844.38,,
389,2012-12-16,70541.97,,
390,2012-12-17,66003.55,,
391,2012-12-18,66057.05,,
392,2012-12-19,68504.59,,
393,2012-12-20,67630.96,,
394,2012-12-21,64984.36,,
395,2012-12-22,68183.41,,
396,2012-12-23,65806.96,,
397,2012-12-24,66453.03,,
398,2012-12-25,68988.86,,
399,2012-12-26,64350.88,,
400,2012-12-27,65277.86,,
401,2012-12-28,64881.79,,
402,2012-12-29,64371.36,,
403,2012-12-30,65610.1,,
404,2012-12-31,65599.61,,
405,2013-01-01,65269.37,,
406,2013-01-02,66235.8,,
407,2013-01-03,62832.51,,
408,2013-01-04,62942.03,,
409,2013-01-05,64568.03,,
410,2013-01-06,68459.09,,
411,2013-01-07,64268.26,,
412,2013-01-08,61974.08,,
413,2013-01-09,62511.51,,
414,2013-01-10,66524.21,,
415,2013-01-11,66713.71,,
416,2013-01-12,71923.92,,
417,2013-01-13,75265.22,,
418,2013-01-14,72611.05,,
419,2013-01-15,71281.07,,
420,2013-01-16,72377.18,,
421,2013-01-17,73059.34,,
422,2013-01-18,77294.25,,
423,2013-01-19,80900.96,,
424,2013-01-20,82650.49,,
425,2013-01-21,75034.15,,
426,2013-01-22,74398.34,,
427,2013-01-23,73407.78,,
428,2013-01-24,73479.52,,
429,2013-01-25,73746.76,,
430,2013-01-26,70604.64,,
431,2013-01-27,71041.52,,
432,2013-01-28,67847.05,,
433,2013-01-29,63821.57,,
434,2013-01-30,60862.9,,
435,2013-01-31,61913.05,,
436,2013-02-01,63519.79,,
437,2013-02-02,67804.05,,
438,2013-02-03,73004.99,,
439,2013-02-04,63752.24,,
440,2013-02-05,65876.34,,
441,2013-02-06,67198.97,,
442,2013-02-07,67113.28,,
443,2013-02-08,66414.14,,
444,2013-02-09,70502.46,,
445,2013-02-10,74558.54,,
446,2013-02-11,71613.77,,
447,2013-02-12,70967.21,,
448,2013-02-13,69677.27,,
449,2013-02-14,65642.67,,
450,2013-02-15,63305.9,,
451,2013-02-16,63351.85,,
452,2013-02-17,65874.28,,
453,2013-02-18,63053.03,,
454,2013-02-19,62275.99,,
455,2013-02-20,64104.68,,
456,2013-02-21,68642.46,,
457,2013-02-22,70207.88,,
458,2013-02-23,72307.57,,
459,2013-02-24,76489.95,,
460,2013-02-25,71302.44,,
461,2013-02-26,68637.82,,
462,2013-02-27,65828.77,,
463,2013-02-28,65252.63,,
464,2013-03-01,65543.83,,
465,2013-03-02,66947.84,,
466,2013-03-03,69283.33,,
467,2013-03-04,62415.39,,
468,2013-03-05,59026.71,,
469,2013-03-06,58030.65,,
470,2013-03-07,59173.38,,
471,2013-03-08,59328.96,,
472,2013-03-09,62758.58,,
473,2013-03-10,69642.11,,
474,2013-03-11,71182.88,,
475,2013-03-12,69775.11,,
476,2013-03-13,65762.78,,
477,2013-03-14,63927.71,,
478,2013-03-15,62880.41,,
479,2013-03-16,66099.5,,
480,2013-03-17,68196.74,,
481,2013-03-18,64057.64,,
482,2013-03-19,61743.71,,
483,2013-03-20,63214.62,,
484,2013-03-21,62367.28,,
485,2013-03-22,65425.76,,
486,2013-03-23,72746.36,,
487,2013-03-24,76861.66,,
488,2013-03-25,71061.8,,
489,2013-03-26,69956.09,,
490,2013-03-27,67641.09,,
491,2013-03-28,65159.51,,
492,2013-03-29,66136.13,,
493,2013-03-30,63794.2,,
494,2013-03-31,64556.02,,
495,2013-04-01,64765.0,,
496,2013-04-02,60916.62,,
497,2013-04-03,64456.96,,
498,2013-04-04,65951.66,,
499,2013-04-05,63373.45,,
500,2013-04-06,59935.85,,
501,2013-04-07,60254.79,,
502,2013-04-08,57193.88,,
503,2013-04-09,58840.29,,
504,2013-04-10,56071.84,,
505,2013-04-11,56969.85,,
506,2013-04-12,55958.52,,
507,2013-04-13,56807.54,,
508,2013-04-14,54168.67,,
509,2013-04-15,50261.0,,
510,2013-04-16,49758.26,,
511,2013-04-17,49485.45,,
512,2013-04-18,49849.7,,
513,2013-04-19,50864.03,,
514,2013-04-20,51080.49,,
515,2013-04-21,53862.09,,
516,2013-04-22,50681.05,,
517,2013-04-23,46653.78,,
518,2013-04-24,45813.85,,
519,2013-04-25,44623.78,,
520,2013-04-26,47263.04,,
521,2013-04-27,51258.58,,
522,2013-04-28,53862.86,,
523,2013-04-29,48768.21,,
524,2013-04-30,47582.56,,
525,2013-05-01,47309.05,,
526,2013-05-02,46013.07,,
527,2013-05-03,45108.19,,
528,2013-05-04,47651.55,,
529,2013-05-05,47278.43,,
530,2013-05-06,46434.92,,
531,2013-05-07,44633.49,,
532,2013-05-08,45673.54,,
533,2013-05-09,46730.84,,
534,2013-05-10,46183.24,,
535,2013-05-11,49813.41,,
536,2013-05-12,52661.02,,
537,2013-05-13,47302.54,,
538,2013-05-14,49880.21,,
539,2013-05-15,49696.9,,
540,2013-05-16,47418.22,,
541,2013-05-17,49470.96,,
542,2013-05-18,49077.08,,
543,2013-05-19,49511.24,,
544,2013-05-20,48351.2,,
545,2013-05-21,46994.71,,
546,2013-05-22,47299.49,,
547,2013-05-23,47683.31,,
548,2013-05-24,51219.04,,
549,2013-05-25,47784.39,,
550,2013-05-26,45997.98,,
551,2013-05-27,45846.58,,
552,2013-05-28,48188.76,,
553,2013-05-29,48823.93,,
554,2013-05-30,48466.17,,
555,2013-05-31,45172.68,,
556,2013-06-01,45397.03,,
557,2013-06-02,46771.59,,
558,2013-06-03,43445.22,,
559,2013-06-04,42933.61,,
560,2013-06-05,42889.65,,
561,2013-06-06,42638.74,,
562,2013-06-07,43110.54,,
563,2013-06-08,44226.07,,
564,2013-06-09,48900.17,,
565,2013-06-10,45814.02,,
566,2013-06-11,45195.47,,
567,2013-06-12,46263.92,,
568,2013-06-13,45641.21,,
569,2013-06-14,43819.09,,
570,2013-06-15,46185.26,,
571,2013-06-16,47121.39,,
572,2013-06-17,43902.5,,
573,2013-06-18,43804.63,,
574,2013-06-19,42883.31,,
575,2013-06-20,43769.77,,
576,2013-06-21,43134.51,,
577,2013-06-22,44909.71,,
578,2013-06-23,48059.87,,
579,2013-06-24 00:00:00,,44240.87,43546.31
580,2013-06-25 00:00:00,,43248.41,44383.566
581,2013-06-26 00:00:00,,45147.13,43484.094
582,2013-06-27 00:00:00,,43296.24,45288.84
583,2013-06-28 00:00:00,,44011.51,43531.477
584,2013-06-29 00:00:00,,43704.18,44297.914
585,2013-06-30 00:00:00,,42716.34,43951.777
586,2013-07-01 00:00:00,,42417.83,43065.176
587,2013-07-02 00:00:00,,42522.76,42820.613
588,2013-07-03 00:00:00,,44335.07,42867.176
589,2013-07-04 00:00:00,,42360.64,44460.582
590,2013-07-05 00:00:00,,41787.02,42645.035
591,2013-07-06 00:00:00,,41692.41,42259.926
592,2013-07-07 00:00:00,,41310.23,42133.92
593,2013-07-08 00:00:00,,41510.43,41730.516
594,2013-07-09 00:00:00,,42184.63,41897.2
595,2013-07-10 00:00:00,,44223.86,42473.086
596,2013-07-11 00:00:00,,42817.29,44289.406
597,2013-07-12 00:00:00,,42604.4,43019.12
598,2013-07-13 00:00:00,,42858.96,42969.098
599,2013-07-14 00:00:00,,42464.65,43180.62
600,2013-07-15 00:00:00,,41817.81,42782.145
601,2013-07-16 00:00:00,,42544.01,42221.07
602,2013-07-17 00:00:00,,43476.16,42867.72
603,2013-07-18 00:00:00,,43396.918,43649.344
604,2013-07-19 00:00:00,,43609.26,43578.21
605,2013-07-20 00:00:00,,41762.48,43832.473
606,2013-07-21 00:00:00,,42269.87,42191.79
607,2013-07-22 00:00:00,,41272.62,42688.82
608,2013-07-23 00:00:00,,42765.64,41711.39
609,2013-07-24 00:00:00,,43384.08,43042.355
610,2013-07-25 00:00:00,,41870.5,43530.895
611,2013-07-26 00:00:00,,42351.03,42218.285
612,2013-07-27 00:00:00,,42139.06,42735.055
613,2013-07-28 00:00:00,,41868.87,42479.066
614,2013-07-29 00:00:00,,42222.88,42233.688
615,2013-07-30 00:00:00,,40935.21,42553.75
616,2013-07-31 00:00:00,,42674.85,41391.113
617,2013-08-01 00:00:00,,42316.67,42966.723
618,2013-08-02 00:00:00,,40768.55,42563.152
619,2013-08-03 00:00:00,,40310.16,41253.895
620,2013-08-04 00:00:00,,40482.32,40890.36
621,2013-08-05 00:00:00,,40622.97,40970.703
622,2013-08-06 00:00:00,,40681.17,41041.457
623,2013-08-07 00:00:00,,42357.62,41089.645
624,2013-08-08 00:00:00,,41075.69,42581.156
625,2013-08-09 00:00:00,,40824.09,41430.17
626,2013-08-10 00:00:00,,40704.05,41300.004
627,2013-08-11 00:00:00,,41179.76,41175.105
628,2013-08-12 00:00:00,,41462.11,41558.543
629,2013-08-13 00:00:00,,42201.61,41791.43
630,2013-08-14 00:00:00,,43163.7,42461.81
631,2013-08-15 00:00:00,,41085.04,43330.67
632,2013-08-16 00:00:00,,40333.49,41508.832
633,2013-08-17 00:00:00,,40445.9,40934.09
634,2013-08-18 00:00:00,,42334.75,40969.082
635,2013-08-19 00:00:00,,41079.67,42563.3
636,2013-08-20 00:00:00,,43389.1,41417.87
637,2013-08-21 00:00:00,,42626.04,43577.9
638,2013-08-22 00:00:00,,42010.85,42832.508
639,2013-08-23 00:00:00,,41429.72,42380.516
640,2013-08-24 00:00:00,,41020.25,41890.04
641,2013-08-25 00:00:00,,40691.38,41493.51
642,2013-08-26 00:00:00,,41254.72,41170.734
643,2013-08-27 00:00:00,,41602.57,41641.074
644,2013-08-28 00:00:00,,44193.87,41918.016
645,2013-08-29 00:00:00,,42140.85,44247.258
646,2013-08-30 00:00:00,,42119.4,42387.945
647,2013-08-31 00:00:00,,42150.37,42533.36
648,2013-09-01 00:00:00,,42356.77,42522.754
649,2013-09-02 00:00:00,,43524.05,42662.656
650,2013-09-03 00:00:00,,43597.75,43705.02
651,2013-09-04 00:00:00,,46375.77,43755.676
652,2013-09-05 00:00:00,,46098.17,46344.17
653,2013-09-06 00:00:00,,45710.32,46035.09
654,2013-09-07 00:00:00,,46326.01,45843.45
655,2013-09-08 00:00:00,,44858.84,46486.188
656,2013-09-09 00:00:00,,46239.59,45082.516
657,2013-09-10 00:00:00,,48662.11,46429.082
658,2013-09-11 00:00:00,,51764.04,48567.59
659,2013-09-12 00:00:00,,46848.96,51443.258
660,2013-09-13 00:00:00,,48356.39,46879.957
661,2013-09-14 00:00:00,,46463.74,48804.367
662,2013-09-15 00:00:00,,47636.16,46704.86
663,2013-09-16 00:00:00,,45972.85,47839.094
664,2013-09-17 00:00:00,,47219.28,46162.965
665,2013-09-18 00:00:00,,49646.83,47406.844
666,2013-09-19 00:00:00,,46023.78,49572.46
667,2013-09-20 00:00:00,,44462.89,46112.625
668,2013-09-21 00:00:00,,44673.78,44974.387
669,2013-09-22 00:00:00,,44338.34,45077.207
670,2013-09-23 00:00:00,,44473.0,44589.586
671,2013-09-24 00:00:00,,46951.96,44696.242
672,2013-09-25 00:00:00,,49271.81,46957.273
673,2013-09-26 00:00:00,,46156.73,49026.844
674,2013-09-27 00:00:00,,46467.7,46194.613
675,2013-09-28 00:00:00,,46532.09,46811.402
676,2013-09-29 00:00:00,,46260.5,46733.324
677,2013-09-30 00:00:00,,45333.32,46412.39
678,2013-10-01 00:00:00,,47665.25,45576.445
679,2013-10-02 00:00:00,,48815.68,47763.133
680,2013-10-03 00:00:00,,46587.56,48683.71
681,2013-10-04 00:00:00,,45642.46,46677.477
682,2013-10-05 00:00:00,,46528.14,46018.316
683,2013-10-06 00:00:00,,48399.37,46774.992
684,2013-10-07 00:00:00,,51432.26,48369.266
685,2013-10-08 00:00:00,,49981.3,51188.605
686,2013-10-09 00:00:00,,57096.84,49831.332
687,2013-10-10 00:00:00,,52210.61,57133.035
688,2013-10-11 00:00:00,,50149.86,51884.035
689,2013-10-12 00:00:00,,51850.24,50755.52
690,2013-10-13 00:00:00,,49202.02,52444.93
691,2013-10-14 00:00:00,,48645.04,49393.996
692,2013-10-15 00:00:00,,50000.53,49048.984
693,2013-10-16 00:00:00,,52811.0,50238.844
694,2013-10-17 00:00:00,,49210.25,52738.246
695,2013-10-18 00:00:00,,48383.39,49215.242
696,2013-10-19 00:00:00,,47668.08,48861.63
697,2013-10-20 00:00:00,,47803.6,48043.484
698,2013-10-21 00:00:00,,47690.48,48028.723
699,2013-10-22 00:00:00,,49944.57,47841.402
700,2013-10-23 00:00:00,,52809.41,49968.746
701,2013-10-24 00:00:00,,51343.96,52603.24
702,2013-10-25 00:00:00,,51495.45,51215.74
703,2013-10-26 00:00:00,,51565.54,51773.96
704,2013-10-27 00:00:00,,51755.85,51828.438
705,2013-10-28 00:00:00,,50984.87,51962.844
706,2013-10-29 00:00:00,,51814.25,51213.254
707,2013-10-30 00:00:00,,57352.457,52085.438
708,2013-10-31 00:00:00,,53570.75,57405.62
709,2013-11-01 00:00:00,,55565.4,53316.883
710,2013-11-02 00:00:00,,54373.0,56146.09
711,2013-11-03 00:00:00,,52478.93,54681.168
712,2013-11-04 00:00:00,,54583.07,52940.016
713,2013-11-05 00:00:00,,58649.0,55154.07
714,2013-11-06 00:00:00,,59941.64,58757.055
715,2013-11-07 00:00:00,,57109.027,59714.426
716,2013-11-08 00:00:00,,53938.027,57233.434
717,2013-11-09 00:00:00,,55332.73,54725.332
718,2013-11-10 00:00:00,,55190.89,56258.906
719,2013-11-11 00:00:00,,55935.81,55540.824
720,2013-11-12 00:00:00,,58534.83,56288.367
721,2013-11-13 00:00:00,,61546.777,58843.797
722,2013-11-14 00:00:00,,57231.418,61563.188
723,2013-11-15 00:00:00,,57394.55,57162.29
724,2013-11-16 00:00:00,,61145.56,58306.664
725,2013-11-17 00:00:00,,60056.19,61741.5
726,2013-11-18 00:00:00,,59391.5,59938.383
727,2013-11-19 00:00:00,,60714.59,59794.832
728,2013-11-20 00:00:00,,63850.867,61259.36
729,2013-11-21 00:00:00,,59434.027,64011.742
730,2013-11-22 00:00:00,,58795.508,59204.727
731,2013-11-23 00:00:00,,57991.21,59652.38
732,2013-11-24 00:00:00,,56715.43,58678.43
733,2013-11-25 00:00:00,,56413.777,57314.953
734,2013-11-26 00:00:00,,59138.117,57077.277
735,2013-11-27 00:00:00,,62882.797,59671.4
736,2013-11-28 00:00:00,,57622.57,62902.113
737,2013-11-29 00:00:00,,58496.78,57398.08
738,2013-11-30 00:00:00,,58200.027,59497.816
739,2013-12-01 00:00:00,,60576.44,58732.855
740,2013-12-02 00:00:00,,59418.5,61020.633
741,2013-12-03 00:00:00,,61052.22,59522.035
742,2013-12-04 00:00:00,,61864.45,61522.434
743,2013-12-05 00:00:00,,57465.23,62027.117
744,2013-12-06 00:00:00,,58189.29,57658.484
745,2013-12-07 00:00:00,,59826.4,59202.246
746,2013-12-08 00:00:00,,59475.297,60348.184
747,2013-12-09 00:00:00,,58225.15,59655.64
748,2013-12-10 00:00:00,,59997.777,58648.062
749,2013-12-11 00:00:00,,62636.06,60629.836
750,2013-12-12 00:00:00,,57067.84,62817.816
751,2013-12-13 00:00:00,,58089.98,57020.457
752,2013-12-14 00:00:00,,57742.61,59184.727
753,2013-12-15 00:00:00,,58491.81,58275.008
754,2013-12-16 00:00:00,,58721.9,58953.367
755,2013-12-17 00:00:00,,61953.63,59089.668
756,2013-12-18 00:00:00,,60987.88,62306.99
757,2013-12-19 00:00:00,,61532.63,60876.36
758,2013-12-20 00:00:00,,61178.418,61866.957
759,2013-12-21 00:00:00,,64006.15,61444.594
760,2013-12-22 00:00:00,,59479.848,64300.99
761,2013-12-23 00:00:00,,59522.74,59309.086
762,2013-12-24 00:00:00,,58067.168,60398.7
763,2013-12-25 00:00:00,,61101.24,58645.383
764,2013-12-26 00:00:00,,60284.848,61739.83
765,2013-12-27 00:00:00,,60749.06,60310.566
766,2013-12-28 00:00:00,,62730.89,61120.59
767,2013-12-29 00:00:00,,57250.29,63027.89
768,2013-12-30 00:00:00,,58605.62,57299.074
769,2013-12-31 00:00:00,,61163.0,59715.73
770,2014-01-01 00:00:00,,64330.11,61618.805
771,2014-01-02 00:00:00,,58194.84,64215.38
772,2014-01-03 00:00:00,,57479.258,57922.26
773,2014-01-04 00:00:00,,56131.37,58588.598
774,2014-01-05 00:00:00,,56509.66,56911.723
775,2014-01-06 00:00:00,,57157.21,57167.58
776,2014-01-07 00:00:00,,58618.008,57606.277
777,2014-01-08 00:00:00,,64820.13,58957.11
778,2014-01-09 00:00:00,,57754.66,64933.91
779,2014-01-10 00:00:00,,57586.027,57177.89
780,2014-01-11 00:00:00,,56830.22,58700.26
781,2014-01-12 00:00:00,,55616.61,57569.65
782,2014-01-13 00:00:00,,56551.36,56186.664
783,2014-01-14 00:00:00,,58633.48,57176.266
784,2014-01-15 00:00:00,,53910.91,58987.113
785,2014-01-16 00:00:00,,57874.56,54112.734
786,2014-01-17 00:00:00,,57671.688,58810.098
787,2014-01-18 00:00:00,,56392.13,57775.36
788,2014-01-19 00:00:00,,57338.3,56717.836
789,2014-01-20 00:00:00,,57825.27,57969.758
790,2014-01-21 00:00:00,,58894.098,58204.883
791,2014-01-22 00:00:00,,64526.64,59239.246
792,2014-01-23 00:00:00,,59568.617,64714.312
793,2014-01-24 00:00:00,,57450.09,59024.926
794,2014-01-25 00:00:00,,59770.93,58273.76
795,2014-01-26 00:00:00,,59162.008,60704.83
796,2014-01-27 00:00:00,,60013.117,59364.816
797,2014-01-28 00:00:00,,59243.83,60431.777
798,2014-01-29 00:00:00,,60994.73,59571.668
799,2014-01-30 00:00:00,,56975.34,61482.004
800,2014-01-31 00:00:00,,56043.8,57188.72
801,2014-02-01 00:00:00,,57543.54,56966.406
802,2014-02-02 00:00:00,,57719.168,58280.355
803,2014-02-03 00:00:00,,55300.48,58010.305
804,2014-02-04 00:00:00,,58297.7,55694.105
805,2014-02-05 00:00:00,,61441.94,59045.09
806,2014-02-06 00:00:00,,56715.117,61542.785
807,2014-02-07 00:00:00,,57641.18,56631.02
808,2014-02-08 00:00:00,,58757.55,58603.566
809,2014-02-09 00:00:00,,56755.97,59273.93
810,2014-02-10 00:00:00,,59450.9,57041.9
811,2014-02-11 00:00:00,,57670.668,60127.945
812,2014-02-12 00:00:00,,58119.27,57845.98
813,2014-02-13 00:00:00,,55073.5,58705.79
814,2014-02-14 00:00:00,,54006.53,55562.08
815,2014-02-15 00:00:00,,53458.52,54812.082
816,2014-02-16 00:00:00,,52932.62,54092.668
817,2014-02-17 00:00:00,,52632.7,53382.305
818,2014-02-18 00:00:00,,53945.87,53026.59
819,2014-02-19 00:00:00,,57379.09,54269.766
820,2014-02-20 00:00:00,,51994.55,57504.246
821,2014-02-21 00:00:00,,51423.508,52033.066
822,2014-02-22 00:00:00,,50943.31,52239.902
